<?xml version="1.0" encoding="UTF-8"?>
<!DOCTYPE properties SYSTEM "http://java.sun.com/dtd/properties.dtd">
<properties>

<entry key="selectListCount">
	SELECT
	       COUNT(*) COUNT
	  FROM INQUIRE
	 WHERE STATUS = 'Y'
</entry>



<entry key="inquireSelectList">
SELECT *
  FROM (  
        SELECT ROWNUM"RNUM" , A.*
		  FROM (
		        SELECT 
		               INQUIRE_NO
		             , INQUIRE_TITLE
		             , USER_ID
		             , CREATE_DATE
		          FROM INQUIRE "I"
		          JOIN MEMBER ON (USER_NO = INQUIRE_WRITER)
		         WHERE I.STATUS = 'Y'
		         ORDER 
		            BY INQUIRE_NO DESC
           		 ) A
         )
 WHERE RNUM BETWEEN ? AND ?
</entry>

<entry key="insertNotice">
INSERT 
  INTO NOTICE
	 (
	   NOTICE_NO
	 , NOTICE_TITLE
	 , NOTICE_CONTENT
	 , NOTICE_WRITER
	 )
	 VALUES
	 (
	   NOTICE_SEQ.NEXTVAL
	 , ?
	 , ?
	 , ?
	 )
</entry>

<entry key="increaseCount">
	UPDATE NOTICE
	   SET COUNT = COUNT + 1
	 WHERE NOTICE_NO = ?
	   AND STATUS = 'Y'
</entry>

<entry key="noticeDetailView">
	SELECT NOTICE_NO
	     , NOTICE_TITLE
	     , NOTICE_CONTENT
	     , USER_ID
	     , CREATE_DATE
	  FROM NOTICE
	  JOIN MEMBER ON(NOTICE_WRITER = USER_NO)
	 WHERE NOTICE_NO = ?
</entry>

<entry key="noticeSelect">
	SELECT 
	       NOTICE_NO
	     , NOTICE_TITLE
	     , NOTICE_CONTENT
	     , USER_ID
	     , CREATE_DATE
	  FROM NOTICE
	  JOIN MEMBER ON (NOTICE_WRITER = USER_NO)
	 WHERE NOTICE_NO = ?
</entry>


<entry key="updateNotice">
	UPDATE NOTICE
	   SET NOTICE_TITLE = ?
	     , NOTICE_CONTENT = ?
	 WHERE NOTICE_NO =?
	   AND STATUS = 'Y'
</entry>

<entry key="noticeDelete">
	UPDATE NOTICE
	   SET STATUS = 'N'
	 WHERE NOTICE_NO = ?
</entry>





</properties>