<?xml version="1.0" encoding="UTF-8"?>
<!DOCTYPE properties SYSTEM "http://java.sun.com/dtd/properties.dtd">
<properties>
	<entry key="selectListCount">
		SELECT COUNT(*) "COUNT"
		  FROM ONEDAYCLASS
		 WHERE ONE_STATUS = 'Y'
	</entry>
	<entry key="selectOnedayList">		 
		SELECT *
		  FROM(
		    SELECT ROWNUM RNUM, D.*
		      FROM (
		        SELECT
				       ONE_NO
				     , ONE_TITLE
				     , ONE_PLACE
				     , ENT_PEOPLE
				     , SCORE
				     , PRICE
				     , FILE_PATH || ORIGIN_NAME "TITLEIMG"
		          FROM ONEDAYCLASS O
		          LEFT JOIN ATTECHMENT A USING(ONE_NO)
		         WHERE ONE_STATUS = 'Y'
		         ORDER
		            BY ONE_NO DESC
		            )D
		     )
		 WHERE RNUM BETWEEN ? AND ?
	</entry>
	<entry key="selectPopularList">
		SELECT *
		  FROM (
	    SELECT 
	           ONE_NO
	         , ONE_TITLE
	         , SCORE
	         , PRICE
	         , FILE_PATH || ORIGIN_NAME AS TITLEIMG
	      FROM ONEDAYCLASS O
	      LEFT JOIN ATTECHMENT A USING (ONE_NO)
	     WHERE ONE_STATUS = 'Y'
	     ORDER BY SCORE DESC, 3
			 )
		 WHERE ROWNUM &lt;= 15
	</entry>
	
	<entry key="detailOneday">
		SELECT ONE_NO
			 , FILE_PATH || ORIGIN_NAME AS TITLEIMG
		     , ONE_TITLE
		     , ONE_PHONE
		     , ONE_PLACE
		     , SCORE
		     , PRICE
		     , START_TIME
		     , END_TIME
		  FROM ONEDAYCLASS O
     LEFT JOIN ATTECHMENT A USING (ONE_NO)
		 WHERE ONE_NO = ?
	</entry>
	
	<entry key="selectAttachment">
		 SELECT
		        FILE_NO
		      , ORIGIN_NAME
		      , FILE_PATH || ORIGIN_NAME "TITLEIMG"
		    FROM ONEDAYCLASS O
            LEFT JOIN ATTECHMENT A USING(ONE_NO)
		  WHERE ONE_NO = ?
		    AND STATUS = 'Y'
	</entry>
	
	<entry key="insertComment">
		INSERT 
		  INTO ONE_COMMENT 
		     ( COM_NO
		     , COM_CONTENT
		     , SCORE
		     , CREATE_DATE
		     , USER_NO
		     , STATUS
		     , ONE_NO)
		VALUES 
		     (
		       SEQ_COM_NO.NEXTVAL
		     , ?
		     , ?
		     , SYSDATE
		     , ?
		     , 'Y'
		     , ?)
	</entry>
	
	<entry key="getReviewsForDisplay">
		SELECT 
	            C.COM_CONTENT
	          , C.SCORE
	          , C.CREATE_DATE
	          , M.USER_ID
	          , M.NICKNAME 
	       FROM ONE_COMMENT C 
	       JOIN MEMBER M ON C.USER_NO = M.USER_NO 
	      WHERE C.ONE_NO = ?
	        AND C.STATUS = 'Y'
	</entry>
	
	<entry key="selectCommentList">
		SELECT 
               C.COM_CONTENT
             , C.SCORE
             , C.CREATE_DATE
             , M.USER_NAME
             , M.NICKNAME
          FROM ONE_COMMENT C
          JOIN MEMBER M ON C.USER_NO = M.USER_NO
         WHERE C.ONE_NO = ?
           AND C.STATUS = 'Y'
	</entry>
</properties>