<?xml version="1.0" encoding="UTF-8"?>
<!DOCTYPE properties SYSTEM "http://java.sun.com/dtd/properties.dtd">
<properties>
	<entry key="selectListCount">
		SELECT COUNT(*) "COUNT"
		  FROM ONEDAYCLASS
		 WHERE ONE_STATUS = 'Y'
	</entry>
	<entry key="selectOnedayList">		 
		SELECT *
		  FROM(
		    SELECT ROWNUM RNUM, D.*
		      FROM (
		        SELECT
				       ONE_NO
				     , ONE_TITLE
				     , ONE_PLACE
				     , ENT_PEOPLE
				     , SCORE
				     , PRICE
				     , FILE_PATH || CHANGE_NAME "TITLEIMG"
		          FROM ONEDAYCLASS O
		          LEFT JOIN ATTECHMENT A USING(ONE_NO)
		         WHERE ONE_STATUS = 'Y'
		         ORDER
		            BY ONE_NO DESC
		            )D
		     )
		 WHERE RNUM BETWEEN ? AND ?
	</entry>
	<entry key="selectPopularList">
		SELECT
		       ONE_NO
		     , ONE_TITLE
		     , SCORE
		     , PRICE
		     , FILE_PATH || CHANGE_NAME "TITLEIMG"
          FROM ONEDAYCLASS O
          LEFT JOIN ATTECHMENT A USING(ONE_NO)
         WHERE ONE_STATUS = 'Y'
                 <![CDATA[AND ROWNUM <= 15]]>
               ORDER
                  BY SCORE DESC, 4
	</entry>
	
	<entry key="detailOneday">
		SELECT ONE_NO
		     , ONE_TITLE
		     , ONE_PHONE
		     , ONE_PLACE
		     , SCORE
		     , PRICE
		     , START_TIME
		     , END_TIME
		  FROM ONEDAYCLASS
		 WHERE ONE_NO = ? 
	</entry>
	
	<entry key="selectAttachment">
		 SELECT
		        FILE_NO
		      , ORIGIN_NAME
		      , CHANGE_NAME
		      , FILE_PATH
		    FROM ONEDAYCLASS O
            LEFT JOIN ATTECHMENT A USING(ONE_NO)
		  WHERE ONE_NO = ?
		    AND STATUS = 'Y'
	</entry>
</properties>